<?xml version="1.0" encoding="utf-8" ?>
<dwsync>
<file name="all.css" server="D:/Programs/xampp/htdocs/patchire/" local="132550162860000000" remote="132550162860000000" Dst="0" />
<file name="all.min.css" server="D:/Programs/xampp/htdocs/patchire/" local="132550162860000000" remote="132550162860000000" Dst="0" />
<file name="brands.css" server="D:/Programs/xampp/htdocs/patchire/" local="132550162860000000" remote="132550162860000000" Dst="0" />
<file name="brands.min.css" server="D:/Programs/xampp/htdocs/patchire/" local="132550162860000000" remote="132550162860000000" Dst="0" />
<file name="fontawesome.css" server="D:/Programs/xampp/htdocs/patchire/" local="132550162860000000" remote="132550162860000000" Dst="0" />
<file name="fontawesome.min.css" server="D:/Programs/xampp/htdocs/patchire/" local="132550162860000000" remote="132550162860000000" Dst="0" />
<file name="regular.css" server="D:/Programs/xampp/htdocs/patchire/" local="132550162860000000" remote="132550162860000000" Dst="0" />
<file name="regular.min.css" server="D:/Programs/xampp/htdocs/patchire/" local="132550162860000000" remote="132550162860000000" Dst="0" />
<file name="solid.css" server="D:/Programs/xampp/htdocs/patchire/" local="132550162860000000" remote="132550162860000000" Dst="0" />
<file name="solid.min.css" server="D:/Programs/xampp/htdocs/patchire/" local="132550162860000000" remote="132550162860000000" Dst="0" />
<file name="svg-with-js.css" server="D:/Programs/xampp/htdocs/patchire/" local="132550162860000000" remote="132550162860000000" Dst="0" />
<file name="svg-with-js.min.css" server="D:/Programs/xampp/htdocs/patchire/" local="132550162860000000" remote="132550162860000000" Dst="0" />
<file name="v4-shims.css" server="D:/Programs/xampp/htdocs/patchire/" local="132550162860000000" remote="132550162860000000" Dst="0" />
<file name="v4-shims.min.css" server="D:/Programs/xampp/htdocs/patchire/" local="132550162860000000" remote="132550162860000000" Dst="0" />
</dwsync>