<?xml version="1.0" encoding="utf-8" ?>
<dwsync>
<file name="bootstrap.bundle.js" server="D:/Programs/xampp/htdocs/patchire/" local="132470660080000000" remote="132470660080000000" Dst="0" />
<file name="bootstrap.bundle.js.map" server="D:/Programs/xampp/htdocs/patchire/" local="132470660080000000" remote="132470660080000000" Dst="0" />
<file name="bootstrap.bundle.min.js" server="D:/Programs/xampp/htdocs/patchire/" local="132470660080000000" remote="132470660080000000" Dst="0" />
<file name="bootstrap.bundle.min.js.map" server="D:/Programs/xampp/htdocs/patchire/" local="132470660080000000" remote="132470660080000000" Dst="0" />
<file name="bootstrap.js" server="D:/Programs/xampp/htdocs/patchire/" local="132470660080000000" remote="132470660080000000" Dst="0" />
<file name="bootstrap.js.map" server="D:/Programs/xampp/htdocs/patchire/" local="132470660080000000" remote="132470660080000000" Dst="0" />
<file name="bootstrap.min.js" server="D:/Programs/xampp/htdocs/patchire/" local="132470660080000000" remote="132470660080000000" Dst="0" />
<file name="bootstrap.min.js.map" server="D:/Programs/xampp/htdocs/patchire/" local="132470660080000000" remote="132470660080000000" Dst="0" />
</dwsync>