<?xml version="1.0" encoding="utf-8" ?>
<dwsync>
<file name="brands.scss" server="D:/Programs/xampp/htdocs/patchire/" local="132550162860000000" remote="132550162860000000" Dst="0" />
<file name="fontawesome.scss" server="D:/Programs/xampp/htdocs/patchire/" local="132550162860000000" remote="132550162860000000" Dst="0" />
<file name="regular.scss" server="D:/Programs/xampp/htdocs/patchire/" local="132550162860000000" remote="132550162860000000" Dst="0" />
<file name="solid.scss" server="D:/Programs/xampp/htdocs/patchire/" local="132550162860000000" remote="132550162860000000" Dst="0" />
<file name="v4-shims.scss" server="D:/Programs/xampp/htdocs/patchire/" local="132550162860000000" remote="132550162860000000" Dst="0" />
<file name="_animated.scss" server="D:/Programs/xampp/htdocs/patchire/" local="132550162860000000" remote="132550162860000000" Dst="0" />
<file name="_bordered-pulled.scss" server="D:/Programs/xampp/htdocs/patchire/" local="132550162860000000" remote="132550162860000000" Dst="0" />
<file name="_core.scss" server="D:/Programs/xampp/htdocs/patchire/" local="132550162860000000" remote="132550162860000000" Dst="0" />
<file name="_fixed-width.scss" server="D:/Programs/xampp/htdocs/patchire/" local="132550162860000000" remote="132550162860000000" Dst="0" />
<file name="_icons.scss" server="D:/Programs/xampp/htdocs/patchire/" local="132550162860000000" remote="132550162860000000" Dst="0" />
<file name="_larger.scss" server="D:/Programs/xampp/htdocs/patchire/" local="132550162860000000" remote="132550162860000000" Dst="0" />
<file name="_list.scss" server="D:/Programs/xampp/htdocs/patchire/" local="132550162860000000" remote="132550162860000000" Dst="0" />
<file name="_mixins.scss" server="D:/Programs/xampp/htdocs/patchire/" local="132550162860000000" remote="132550162860000000" Dst="0" />
<file name="_rotated-flipped.scss" server="D:/Programs/xampp/htdocs/patchire/" local="132550162860000000" remote="132550162860000000" Dst="0" />
<file name="_screen-reader.scss" server="D:/Programs/xampp/htdocs/patchire/" local="132550162860000000" remote="132550162860000000" Dst="0" />
<file name="_shims.scss" server="D:/Programs/xampp/htdocs/patchire/" local="132550162860000000" remote="132550162860000000" Dst="0" />
<file name="_stacked.scss" server="D:/Programs/xampp/htdocs/patchire/" local="132550162860000000" remote="132550162860000000" Dst="0" />
<file name="_variables.scss" server="D:/Programs/xampp/htdocs/patchire/" local="132550162860000000" remote="132550162860000000" Dst="0" />
</dwsync>