<?xml version="1.0" encoding="utf-8" ?>
<dwsync>
<file name="500px.svg" server="D:/Programs/xampp/htdocs/patchire/" local="132550162860000000" remote="132550162860000000" Dst="0" />
<file name="accessible-icon.svg" server="D:/Programs/xampp/htdocs/patchire/" local="132550162860000000" remote="132550162860000000" Dst="0" />
<file name="accusoft.svg" server="D:/Programs/xampp/htdocs/patchire/" local="132550162860000000" remote="132550162860000000" Dst="0" />
<file name="acquisitions-incorporated.svg" server="D:/Programs/xampp/htdocs/patchire/" local="132550162860000000" remote="132550162860000000" Dst="0" />
<file name="adn.svg" server="D:/Programs/xampp/htdocs/patchire/" local="132550162860000000" remote="132550162860000000" Dst="0" />
<file name="adversal.svg" server="D:/Programs/xampp/htdocs/patchire/" local="132550162860000000" remote="132550162860000000" Dst="0" />
<file name="affiliatetheme.svg" server="D:/Programs/xampp/htdocs/patchire/" local="132550162860000000" remote="132550162860000000" Dst="0" />
<file name="airbnb.svg" server="D:/Programs/xampp/htdocs/patchire/" local="132550162860000000" remote="132550162860000000" Dst="0" />
<file name="algolia.svg" server="D:/Programs/xampp/htdocs/patchire/" local="132550162860000000" remote="132550162860000000" Dst="0" />
<file name="alipay.svg" server="D:/Programs/xampp/htdocs/patchire/" local="132550162860000000" remote="132550162860000000" Dst="0" />
<file name="amazon-pay.svg" server="D:/Programs/xampp/htdocs/patchire/" local="132550162860000000" remote="132550162860000000" Dst="0" />
<file name="amazon.svg" server="D:/Programs/xampp/htdocs/patchire/" local="132550162860000000" remote="132550162860000000" Dst="0" />
<file name="amilia.svg" server="D:/Programs/xampp/htdocs/patchire/" local="132550162860000000" remote="132550162860000000" Dst="0" />
<file name="android.svg" server="D:/Programs/xampp/htdocs/patchire/" local="132550162860000000" remote="132550162860000000" Dst="0" />
<file name="angellist.svg" server="D:/Programs/xampp/htdocs/patchire/" local="132550162860000000" remote="132550162860000000" Dst="0" />
<file name="angrycreative.svg" server="D:/Programs/xampp/htdocs/patchire/" local="132550162860000000" remote="132550162860000000" Dst="0" />
<file name="angular.svg" server="D:/Programs/xampp/htdocs/patchire/" local="132550162860000000" remote="132550162860000000" Dst="0" />
<file name="app-store-ios.svg" server="D:/Programs/xampp/htdocs/patchire/" local="132550162860000000" remote="132550162860000000" Dst="0" />
<file name="app-store.svg" server="D:/Programs/xampp/htdocs/patchire/" local="132550162860000000" remote="132550162860000000" Dst="0" />
<file name="apper.svg" server="D:/Programs/xampp/htdocs/patchire/" local="132550162860000000" remote="132550162860000000" Dst="0" />
<file name="apple-pay.svg" server="D:/Programs/xampp/htdocs/patchire/" local="132550162860000000" remote="132550162860000000" Dst="0" />
<file name="apple.svg" server="D:/Programs/xampp/htdocs/patchire/" local="132550162860000000" remote="132550162860000000" Dst="0" />
<file name="artstation.svg" server="D:/Programs/xampp/htdocs/patchire/" local="132550162860000000" remote="132550162860000000" Dst="0" />
<file name="asymmetrik.svg" server="D:/Programs/xampp/htdocs/patchire/" local="132550162860000000" remote="132550162860000000" Dst="0" />
<file name="atlassian.svg" server="D:/Programs/xampp/htdocs/patchire/" local="132550162860000000" remote="132550162860000000" Dst="0" />
<file name="audible.svg" server="D:/Programs/xampp/htdocs/patchire/" local="132550162860000000" remote="132550162860000000" Dst="0" />
<file name="autoprefixer.svg" server="D:/Programs/xampp/htdocs/patchire/" local="132550162860000000" remote="132550162860000000" Dst="0" />
<file name="avianex.svg" server="D:/Programs/xampp/htdocs/patchire/" local="132550162860000000" remote="132550162860000000" Dst="0" />
<file name="aviato.svg" server="D:/Programs/xampp/htdocs/patchire/" local="132550162860000000" remote="132550162860000000" Dst="0" />
<file name="aws.svg" server="D:/Programs/xampp/htdocs/patchire/" local="132550162860000000" remote="132550162860000000" Dst="0" />
<file name="bandcamp.svg" server="D:/Programs/xampp/htdocs/patchire/" local="132550162860000000" remote="132550162860000000" Dst="0" />
<file name="battle-net.svg" server="D:/Programs/xampp/htdocs/patchire/" local="132550162860000000" remote="132550162860000000" Dst="0" />
<file name="behance-square.svg" server="D:/Programs/xampp/htdocs/patchire/" local="132550162860000000" remote="132550162860000000" Dst="0" />
<file name="behance.svg" server="D:/Programs/xampp/htdocs/patchire/" local="132550162860000000" remote="132550162860000000" Dst="0" />
<file name="bimobject.svg" server="D:/Programs/xampp/htdocs/patchire/" local="132550162860000000" remote="132550162860000000" Dst="0" />
<file name="bitbucket.svg" server="D:/Programs/xampp/htdocs/patchire/" local="132550162860000000" remote="132550162860000000" Dst="0" />
<file name="bitcoin.svg" server="D:/Programs/xampp/htdocs/patchire/" local="132550162860000000" remote="132550162860000000" Dst="0" />
<file name="bity.svg" server="D:/Programs/xampp/htdocs/patchire/" local="132550162860000000" remote="132550162860000000" Dst="0" />
<file name="black-tie.svg" server="D:/Programs/xampp/htdocs/patchire/" local="132550162860000000" remote="132550162860000000" Dst="0" />
<file name="blackberry.svg" server="D:/Programs/xampp/htdocs/patchire/" local="132550162860000000" remote="132550162860000000" Dst="0" />
<file name="blogger-b.svg" server="D:/Programs/xampp/htdocs/patchire/" local="132550162860000000" remote="132550162860000000" Dst="0" />
<file name="blogger.svg" server="D:/Programs/xampp/htdocs/patchire/" local="132550162860000000" remote="132550162860000000" Dst="0" />
<file name="bluetooth-b.svg" server="D:/Programs/xampp/htdocs/patchire/" local="132550162860000000" remote="132550162860000000" Dst="0" />
<file name="bluetooth.svg" server="D:/Programs/xampp/htdocs/patchire/" local="132550162860000000" remote="132550162860000000" Dst="0" />
<file name="bootstrap.svg" server="D:/Programs/xampp/htdocs/patchire/" local="132550162860000000" remote="132550162860000000" Dst="0" />
<file name="btc.svg" server="D:/Programs/xampp/htdocs/patchire/" local="132550162860000000" remote="132550162860000000" Dst="0" />
<file name="buffer.svg" server="D:/Programs/xampp/htdocs/patchire/" local="132550162860000000" remote="132550162860000000" Dst="0" />
<file name="buromobelexperte.svg" server="D:/Programs/xampp/htdocs/patchire/" local="132550162860000000" remote="132550162860000000" Dst="0" />
<file name="buy-n-large.svg" server="D:/Programs/xampp/htdocs/patchire/" local="132550162860000000" remote="132550162860000000" Dst="0" />
<file name="buysellads.svg" server="D:/Programs/xampp/htdocs/patchire/" local="132550162860000000" remote="132550162860000000" Dst="0" />
<file name="canadian-maple-leaf.svg" server="D:/Programs/xampp/htdocs/patchire/" local="132550162860000000" remote="132550162860000000" Dst="0" />
<file name="cc-amazon-pay.svg" server="D:/Programs/xampp/htdocs/patchire/" local="132550162860000000" remote="132550162860000000" Dst="0" />
<file name="cc-amex.svg" server="D:/Programs/xampp/htdocs/patchire/" local="132550162860000000" remote="132550162860000000" Dst="0" />
<file name="cc-apple-pay.svg" server="D:/Programs/xampp/htdocs/patchire/" local="132550162860000000" remote="132550162860000000" Dst="0" />
<file name="cc-diners-club.svg" server="D:/Programs/xampp/htdocs/patchire/" local="132550162860000000" remote="132550162860000000" Dst="0" />
<file name="cc-discover.svg" server="D:/Programs/xampp/htdocs/patchire/" local="132550162860000000" remote="132550162860000000" Dst="0" />
<file name="cc-jcb.svg" server="D:/Programs/xampp/htdocs/patchire/" local="132550162860000000" remote="132550162860000000" Dst="0" />
<file name="cc-mastercard.svg" server="D:/Programs/xampp/htdocs/patchire/" local="132550162860000000" remote="132550162860000000" Dst="0" />
<file name="cc-paypal.svg" server="D:/Programs/xampp/htdocs/patchire/" local="132550162860000000" remote="132550162860000000" Dst="0" />
<file name="cc-stripe.svg" server="D:/Programs/xampp/htdocs/patchire/" local="132550162860000000" remote="132550162860000000" Dst="0" />
<file name="cc-visa.svg" server="D:/Programs/xampp/htdocs/patchire/" local="132550162860000000" remote="132550162860000000" Dst="0" />
<file name="centercode.svg" server="D:/Programs/xampp/htdocs/patchire/" local="132550162860000000" remote="132550162860000000" Dst="0" />
<file name="centos.svg" server="D:/Programs/xampp/htdocs/patchire/" local="132550162860000000" remote="132550162860000000" Dst="0" />
<file name="chrome.svg" server="D:/Programs/xampp/htdocs/patchire/" local="132550162860000000" remote="132550162860000000" Dst="0" />
<file name="chromecast.svg" server="D:/Programs/xampp/htdocs/patchire/" local="132550162860000000" remote="132550162860000000" Dst="0" />
<file name="cloudflare.svg" server="D:/Programs/xampp/htdocs/patchire/" local="132550162860000000" remote="132550162860000000" Dst="0" />
<file name="cloudscale.svg" server="D:/Programs/xampp/htdocs/patchire/" local="132550162860000000" remote="132550162860000000" Dst="0" />
<file name="cloudsmith.svg" server="D:/Programs/xampp/htdocs/patchire/" local="132550162860000000" remote="132550162860000000" Dst="0" />
<file name="cloudversify.svg" server="D:/Programs/xampp/htdocs/patchire/" local="132550162860000000" remote="132550162860000000" Dst="0" />
<file name="codepen.svg" server="D:/Programs/xampp/htdocs/patchire/" local="132550162860000000" remote="132550162860000000" Dst="0" />
<file name="codiepie.svg" server="D:/Programs/xampp/htdocs/patchire/" local="132550162860000000" remote="132550162860000000" Dst="0" />
<file name="confluence.svg" server="D:/Programs/xampp/htdocs/patchire/" local="132550162860000000" remote="132550162860000000" Dst="0" />
<file name="connectdevelop.svg" server="D:/Programs/xampp/htdocs/patchire/" local="132550162860000000" remote="132550162860000000" Dst="0" />
<file name="contao.svg" server="D:/Programs/xampp/htdocs/patchire/" local="132550162860000000" remote="132550162860000000" Dst="0" />
<file name="cotton-bureau.svg" server="D:/Programs/xampp/htdocs/patchire/" local="132550162860000000" remote="132550162860000000" Dst="0" />
<file name="cpanel.svg" server="D:/Programs/xampp/htdocs/patchire/" local="132550162860000000" remote="132550162860000000" Dst="0" />
<file name="creative-commons-by.svg" server="D:/Programs/xampp/htdocs/patchire/" local="132550162860000000" remote="132550162860000000" Dst="0" />
<file name="creative-commons-nc-eu.svg" server="D:/Programs/xampp/htdocs/patchire/" local="132550162860000000" remote="132550162860000000" Dst="0" />
<file name="creative-commons-nc-jp.svg" server="D:/Programs/xampp/htdocs/patchire/" local="132550162860000000" remote="132550162860000000" Dst="0" />
<file name="creative-commons-nc.svg" server="D:/Programs/xampp/htdocs/patchire/" local="132550162860000000" remote="132550162860000000" Dst="0" />
<file name="creative-commons-nd.svg" server="D:/Programs/xampp/htdocs/patchire/" local="132550162860000000" remote="132550162860000000" Dst="0" />
<file name="creative-commons-pd-alt.svg" server="D:/Programs/xampp/htdocs/patchire/" local="132550162860000000" remote="132550162860000000" Dst="0" />
<file name="creative-commons-pd.svg" server="D:/Programs/xampp/htdocs/patchire/" local="132550162860000000" remote="132550162860000000" Dst="0" />
<file name="creative-commons-remix.svg" server="D:/Programs/xampp/htdocs/patchire/" local="132550162860000000" remote="132550162860000000" Dst="0" />
<file name="creative-commons-sa.svg" server="D:/Programs/xampp/htdocs/patchire/" local="132550162860000000" remote="132550162860000000" Dst="0" />
<file name="creative-commons-sampling-plus.svg" server="D:/Programs/xampp/htdocs/patchire/" local="132550162860000000" remote="132550162860000000" Dst="0" />
<file name="creative-commons-sampling.svg" server="D:/Programs/xampp/htdocs/patchire/" local="132550162860000000" remote="132550162860000000" Dst="0" />
<file name="creative-commons-share.svg" server="D:/Programs/xampp/htdocs/patchire/" local="132550162860000000" remote="132550162860000000" Dst="0" />
<file name="creative-commons-zero.svg" server="D:/Programs/xampp/htdocs/patchire/" local="132550162860000000" remote="132550162860000000" Dst="0" />
<file name="creative-commons.svg" server="D:/Programs/xampp/htdocs/patchire/" local="132550162860000000" remote="132550162860000000" Dst="0" />
<file name="critical-role.svg" server="D:/Programs/xampp/htdocs/patchire/" local="132550162860000000" remote="132550162860000000" Dst="0" />
<file name="css3-alt.svg" server="D:/Programs/xampp/htdocs/patchire/" local="132550162860000000" remote="132550162860000000" Dst="0" />
<file name="css3.svg" server="D:/Programs/xampp/htdocs/patchire/" local="132550162860000000" remote="132550162860000000" Dst="0" />
<file name="cuttlefish.svg" server="D:/Programs/xampp/htdocs/patchire/" local="132550162860000000" remote="132550162860000000" Dst="0" />
<file name="d-and-d-beyond.svg" server="D:/Programs/xampp/htdocs/patchire/" local="132550162860000000" remote="132550162860000000" Dst="0" />
<file name="d-and-d.svg" server="D:/Programs/xampp/htdocs/patchire/" local="132550162860000000" remote="132550162860000000" Dst="0" />
<file name="dailymotion.svg" server="D:/Programs/xampp/htdocs/patchire/" local="132550162860000000" remote="132550162860000000" Dst="0" />
<file name="dashcube.svg" server="D:/Programs/xampp/htdocs/patchire/" local="132550162860000000" remote="132550162860000000" Dst="0" />
<file name="deezer.svg" server="D:/Programs/xampp/htdocs/patchire/" local="132550162860000000" remote="132550162860000000" Dst="0" />
<file name="delicious.svg" server="D:/Programs/xampp/htdocs/patchire/" local="132550162860000000" remote="132550162860000000" Dst="0" />
<file name="deploydog.svg" server="D:/Programs/xampp/htdocs/patchire/" local="132550162860000000" remote="132550162860000000" Dst="0" />
<file name="deskpro.svg" server="D:/Programs/xampp/htdocs/patchire/" local="132550162860000000" remote="132550162860000000" Dst="0" />
<file name="dev.svg" server="D:/Programs/xampp/htdocs/patchire/" local="132550162860000000" remote="132550162860000000" Dst="0" />
<file name="deviantart.svg" server="D:/Programs/xampp/htdocs/patchire/" local="132550162860000000" remote="132550162860000000" Dst="0" />
<file name="dhl.svg" server="D:/Programs/xampp/htdocs/patchire/" local="132550162860000000" remote="132550162860000000" Dst="0" />
<file name="diaspora.svg" server="D:/Programs/xampp/htdocs/patchire/" local="132550162860000000" remote="132550162860000000" Dst="0" />
<file name="digg.svg" server="D:/Programs/xampp/htdocs/patchire/" local="132550162860000000" remote="132550162860000000" Dst="0" />
<file name="digital-ocean.svg" server="D:/Programs/xampp/htdocs/patchire/" local="132550162860000000" remote="132550162860000000" Dst="0" />
<file name="discord.svg" server="D:/Programs/xampp/htdocs/patchire/" local="132550162860000000" remote="132550162860000000" Dst="0" />
<file name="discourse.svg" server="D:/Programs/xampp/htdocs/patchire/" local="132550162860000000" remote="132550162860000000" Dst="0" />
<file name="dochub.svg" server="D:/Programs/xampp/htdocs/patchire/" local="132550162860000000" remote="132550162860000000" Dst="0" />
<file name="docker.svg" server="D:/Programs/xampp/htdocs/patchire/" local="132550162860000000" remote="132550162860000000" Dst="0" />
<file name="draft2digital.svg" server="D:/Programs/xampp/htdocs/patchire/" local="132550162860000000" remote="132550162860000000" Dst="0" />
<file name="dribbble-square.svg" server="D:/Programs/xampp/htdocs/patchire/" local="132550162860000000" remote="132550162860000000" Dst="0" />
<file name="dribbble.svg" server="D:/Programs/xampp/htdocs/patchire/" local="132550162860000000" remote="132550162860000000" Dst="0" />
<file name="dropbox.svg" server="D:/Programs/xampp/htdocs/patchire/" local="132550162860000000" remote="132550162860000000" Dst="0" />
<file name="drupal.svg" server="D:/Programs/xampp/htdocs/patchire/" local="132550162860000000" remote="132550162860000000" Dst="0" />
<file name="dyalog.svg" server="D:/Programs/xampp/htdocs/patchire/" local="132550162860000000" remote="132550162860000000" Dst="0" />
<file name="earlybirds.svg" server="D:/Programs/xampp/htdocs/patchire/" local="132550162860000000" remote="132550162860000000" Dst="0" />
<file name="ebay.svg" server="D:/Programs/xampp/htdocs/patchire/" local="132550162860000000" remote="132550162860000000" Dst="0" />
<file name="edge-legacy.svg" server="D:/Programs/xampp/htdocs/patchire/" local="132550162860000000" remote="132550162860000000" Dst="0" />
<file name="edge.svg" server="D:/Programs/xampp/htdocs/patchire/" local="132550162860000000" remote="132550162860000000" Dst="0" />
<file name="elementor.svg" server="D:/Programs/xampp/htdocs/patchire/" local="132550162860000000" remote="132550162860000000" Dst="0" />
<file name="ello.svg" server="D:/Programs/xampp/htdocs/patchire/" local="132550162860000000" remote="132550162860000000" Dst="0" />
<file name="ember.svg" server="D:/Programs/xampp/htdocs/patchire/" local="132550162860000000" remote="132550162860000000" Dst="0" />
<file name="empire.svg" server="D:/Programs/xampp/htdocs/patchire/" local="132550162860000000" remote="132550162860000000" Dst="0" />
<file name="envira.svg" server="D:/Programs/xampp/htdocs/patchire/" local="132550162860000000" remote="132550162860000000" Dst="0" />
<file name="erlang.svg" server="D:/Programs/xampp/htdocs/patchire/" local="132550162860000000" remote="132550162860000000" Dst="0" />
<file name="ethereum.svg" server="D:/Programs/xampp/htdocs/patchire/" local="132550162860000000" remote="132550162860000000" Dst="0" />
<file name="etsy.svg" server="D:/Programs/xampp/htdocs/patchire/" local="132550162860000000" remote="132550162860000000" Dst="0" />
<file name="evernote.svg" server="D:/Programs/xampp/htdocs/patchire/" local="132550162860000000" remote="132550162860000000" Dst="0" />
<file name="expeditedssl.svg" server="D:/Programs/xampp/htdocs/patchire/" local="132550162860000000" remote="132550162860000000" Dst="0" />
<file name="facebook-f.svg" server="D:/Programs/xampp/htdocs/patchire/" local="132550162860000000" remote="132550162860000000" Dst="0" />
<file name="facebook-messenger.svg" server="D:/Programs/xampp/htdocs/patchire/" local="132550162860000000" remote="132550162860000000" Dst="0" />
<file name="facebook-square.svg" server="D:/Programs/xampp/htdocs/patchire/" local="132550162860000000" remote="132550162860000000" Dst="0" />
<file name="facebook.svg" server="D:/Programs/xampp/htdocs/patchire/" local="132550162860000000" remote="132550162860000000" Dst="0" />
<file name="fantasy-flight-games.svg" server="D:/Programs/xampp/htdocs/patchire/" local="132550162860000000" remote="132550162860000000" Dst="0" />
<file name="fedex.svg" server="D:/Programs/xampp/htdocs/patchire/" local="132550162860000000" remote="132550162860000000" Dst="0" />
<file name="fedora.svg" server="D:/Programs/xampp/htdocs/patchire/" local="132550162860000000" remote="132550162860000000" Dst="0" />
<file name="figma.svg" server="D:/Programs/xampp/htdocs/patchire/" local="132550162860000000" remote="132550162860000000" Dst="0" />
<file name="firefox-browser.svg" server="D:/Programs/xampp/htdocs/patchire/" local="132550162860000000" remote="132550162860000000" Dst="0" />
<file name="firefox.svg" server="D:/Programs/xampp/htdocs/patchire/" local="132550162860000000" remote="132550162860000000" Dst="0" />
<file name="first-order-alt.svg" server="D:/Programs/xampp/htdocs/patchire/" local="132550162860000000" remote="132550162860000000" Dst="0" />
<file name="first-order.svg" server="D:/Programs/xampp/htdocs/patchire/" local="132550162860000000" remote="132550162860000000" Dst="0" />
<file name="firstdraft.svg" server="D:/Programs/xampp/htdocs/patchire/" local="132550162860000000" remote="132550162860000000" Dst="0" />
<file name="flickr.svg" server="D:/Programs/xampp/htdocs/patchire/" local="132550162860000000" remote="132550162860000000" Dst="0" />
<file name="flipboard.svg" server="D:/Programs/xampp/htdocs/patchire/" local="132550162860000000" remote="132550162860000000" Dst="0" />
<file name="fly.svg" server="D:/Programs/xampp/htdocs/patchire/" local="132550162860000000" remote="132550162860000000" Dst="0" />
<file name="font-awesome-alt.svg" server="D:/Programs/xampp/htdocs/patchire/" local="132550162860000000" remote="132550162860000000" Dst="0" />
<file name="font-awesome-flag.svg" server="D:/Programs/xampp/htdocs/patchire/" local="132550162860000000" remote="132550162860000000" Dst="0" />
<file name="font-awesome-logo-full.svg" server="D:/Programs/xampp/htdocs/patchire/" local="132550162860000000" remote="132550162860000000" Dst="0" />
<file name="font-awesome.svg" server="D:/Programs/xampp/htdocs/patchire/" local="132550162860000000" remote="132550162860000000" Dst="0" />
<file name="fonticons-fi.svg" server="D:/Programs/xampp/htdocs/patchire/" local="132550162860000000" remote="132550162860000000" Dst="0" />
<file name="fonticons.svg" server="D:/Programs/xampp/htdocs/patchire/" local="132550162860000000" remote="132550162860000000" Dst="0" />
<file name="fort-awesome-alt.svg" server="D:/Programs/xampp/htdocs/patchire/" local="132550162860000000" remote="132550162860000000" Dst="0" />
<file name="fort-awesome.svg" server="D:/Programs/xampp/htdocs/patchire/" local="132550162860000000" remote="132550162860000000" Dst="0" />
<file name="forumbee.svg" server="D:/Programs/xampp/htdocs/patchire/" local="132550162860000000" remote="132550162860000000" Dst="0" />
<file name="foursquare.svg" server="D:/Programs/xampp/htdocs/patchire/" local="132550162860000000" remote="132550162860000000" Dst="0" />
<file name="free-code-camp.svg" server="D:/Programs/xampp/htdocs/patchire/" local="132550162860000000" remote="132550162860000000" Dst="0" />
<file name="freebsd.svg" server="D:/Programs/xampp/htdocs/patchire/" local="132550162860000000" remote="132550162860000000" Dst="0" />
<file name="fulcrum.svg" server="D:/Programs/xampp/htdocs/patchire/" local="132550162860000000" remote="132550162860000000" Dst="0" />
<file name="galactic-republic.svg" server="D:/Programs/xampp/htdocs/patchire/" local="132550162860000000" remote="132550162860000000" Dst="0" />
<file name="galactic-senate.svg" server="D:/Programs/xampp/htdocs/patchire/" local="132550162860000000" remote="132550162860000000" Dst="0" />
<file name="get-pocket.svg" server="D:/Programs/xampp/htdocs/patchire/" local="132550162860000000" remote="132550162860000000" Dst="0" />
<file name="gg-circle.svg" server="D:/Programs/xampp/htdocs/patchire/" local="132550162860000000" remote="132550162860000000" Dst="0" />
<file name="gg.svg" server="D:/Programs/xampp/htdocs/patchire/" local="132550162860000000" remote="132550162860000000" Dst="0" />
<file name="git-alt.svg" server="D:/Programs/xampp/htdocs/patchire/" local="132550162860000000" remote="132550162860000000" Dst="0" />
<file name="git-square.svg" server="D:/Programs/xampp/htdocs/patchire/" local="132550162860000000" remote="132550162860000000" Dst="0" />
<file name="git.svg" server="D:/Programs/xampp/htdocs/patchire/" local="132550162860000000" remote="132550162860000000" Dst="0" />
<file name="github-alt.svg" server="D:/Programs/xampp/htdocs/patchire/" local="132550162860000000" remote="132550162860000000" Dst="0" />
<file name="github-square.svg" server="D:/Programs/xampp/htdocs/patchire/" local="132550162860000000" remote="132550162860000000" Dst="0" />
<file name="github.svg" server="D:/Programs/xampp/htdocs/patchire/" local="132550162860000000" remote="132550162860000000" Dst="0" />
<file name="gitkraken.svg" server="D:/Programs/xampp/htdocs/patchire/" local="132550162860000000" remote="132550162860000000" Dst="0" />
<file name="gitlab.svg" server="D:/Programs/xampp/htdocs/patchire/" local="132550162860000000" remote="132550162860000000" Dst="0" />
<file name="gitter.svg" server="D:/Programs/xampp/htdocs/patchire/" local="132550162860000000" remote="132550162860000000" Dst="0" />
<file name="glide-g.svg" server="D:/Programs/xampp/htdocs/patchire/" local="132550162860000000" remote="132550162860000000" Dst="0" />
<file name="glide.svg" server="D:/Programs/xampp/htdocs/patchire/" local="132550162860000000" remote="132550162860000000" Dst="0" />
<file name="gofore.svg" server="D:/Programs/xampp/htdocs/patchire/" local="132550162860000000" remote="132550162860000000" Dst="0" />
<file name="goodreads-g.svg" server="D:/Programs/xampp/htdocs/patchire/" local="132550162860000000" remote="132550162860000000" Dst="0" />
<file name="goodreads.svg" server="D:/Programs/xampp/htdocs/patchire/" local="132550162860000000" remote="132550162860000000" Dst="0" />
<file name="google-drive.svg" server="D:/Programs/xampp/htdocs/patchire/" local="132550162860000000" remote="132550162860000000" Dst="0" />
<file name="google-pay.svg" server="D:/Programs/xampp/htdocs/patchire/" local="132550162860000000" remote="132550162860000000" Dst="0" />
<file name="google-play.svg" server="D:/Programs/xampp/htdocs/patchire/" local="132550162860000000" remote="132550162860000000" Dst="0" />
<file name="google-plus-g.svg" server="D:/Programs/xampp/htdocs/patchire/" local="132550162860000000" remote="132550162860000000" Dst="0" />
<file name="google-plus-square.svg" server="D:/Programs/xampp/htdocs/patchire/" local="132550162860000000" remote="132550162860000000" Dst="0" />
<file name="google-plus.svg" server="D:/Programs/xampp/htdocs/patchire/" local="132550162860000000" remote="132550162860000000" Dst="0" />
<file name="google-wallet.svg" server="D:/Programs/xampp/htdocs/patchire/" local="132550162860000000" remote="132550162860000000" Dst="0" />
<file name="google.svg" server="D:/Programs/xampp/htdocs/patchire/" local="132550162860000000" remote="132550162860000000" Dst="0" />
<file name="gratipay.svg" server="D:/Programs/xampp/htdocs/patchire/" local="132550162860000000" remote="132550162860000000" Dst="0" />
<file name="grav.svg" server="D:/Programs/xampp/htdocs/patchire/" local="132550162860000000" remote="132550162860000000" Dst="0" />
<file name="gripfire.svg" server="D:/Programs/xampp/htdocs/patchire/" local="132550162860000000" remote="132550162860000000" Dst="0" />
<file name="grunt.svg" server="D:/Programs/xampp/htdocs/patchire/" local="132550162860000000" remote="132550162860000000" Dst="0" />
<file name="guilded.svg" server="D:/Programs/xampp/htdocs/patchire/" local="132550162860000000" remote="132550162860000000" Dst="0" />
<file name="gulp.svg" server="D:/Programs/xampp/htdocs/patchire/" local="132550162860000000" remote="132550162860000000" Dst="0" />
<file name="hacker-news-square.svg" server="D:/Programs/xampp/htdocs/patchire/" local="132550162860000000" remote="132550162860000000" Dst="0" />
<file name="hacker-news.svg" server="D:/Programs/xampp/htdocs/patchire/" local="132550162860000000" remote="132550162860000000" Dst="0" />
<file name="hackerrank.svg" server="D:/Programs/xampp/htdocs/patchire/" local="132550162860000000" remote="132550162860000000" Dst="0" />
<file name="hips.svg" server="D:/Programs/xampp/htdocs/patchire/" local="132550162860000000" remote="132550162860000000" Dst="0" />
<file name="hire-a-helper.svg" server="D:/Programs/xampp/htdocs/patchire/" local="132550162860000000" remote="132550162860000000" Dst="0" />
<file name="hive.svg" server="D:/Programs/xampp/htdocs/patchire/" local="132550162860000000" remote="132550162860000000" Dst="0" />
<file name="hooli.svg" server="D:/Programs/xampp/htdocs/patchire/" local="132550162860000000" remote="132550162860000000" Dst="0" />
<file name="hornbill.svg" server="D:/Programs/xampp/htdocs/patchire/" local="132550162860000000" remote="132550162860000000" Dst="0" />
<file name="hotjar.svg" server="D:/Programs/xampp/htdocs/patchire/" local="132550162860000000" remote="132550162860000000" Dst="0" />
<file name="houzz.svg" server="D:/Programs/xampp/htdocs/patchire/" local="132550162860000000" remote="132550162860000000" Dst="0" />
<file name="html5.svg" server="D:/Programs/xampp/htdocs/patchire/" local="132550162860000000" remote="132550162860000000" Dst="0" />
<file name="hubspot.svg" server="D:/Programs/xampp/htdocs/patchire/" local="132550162860000000" remote="132550162860000000" Dst="0" />
<file name="ideal.svg" server="D:/Programs/xampp/htdocs/patchire/" local="132550162860000000" remote="132550162860000000" Dst="0" />
<file name="imdb.svg" server="D:/Programs/xampp/htdocs/patchire/" local="132550162860000000" remote="132550162860000000" Dst="0" />
<file name="innosoft.svg" server="D:/Programs/xampp/htdocs/patchire/" local="132550162860000000" remote="132550162860000000" Dst="0" />
<file name="instagram-square.svg" server="D:/Programs/xampp/htdocs/patchire/" local="132550162860000000" remote="132550162860000000" Dst="0" />
<file name="instagram.svg" server="D:/Programs/xampp/htdocs/patchire/" local="132550162860000000" remote="132550162860000000" Dst="0" />
<file name="instalod.svg" server="D:/Programs/xampp/htdocs/patchire/" local="132550162860000000" remote="132550162860000000" Dst="0" />
<file name="intercom.svg" server="D:/Programs/xampp/htdocs/patchire/" local="132550162860000000" remote="132550162860000000" Dst="0" />
<file name="internet-explorer.svg" server="D:/Programs/xampp/htdocs/patchire/" local="132550162860000000" remote="132550162860000000" Dst="0" />
<file name="invision.svg" server="D:/Programs/xampp/htdocs/patchire/" local="132550162860000000" remote="132550162860000000" Dst="0" />
<file name="ioxhost.svg" server="D:/Programs/xampp/htdocs/patchire/" local="132550162860000000" remote="132550162860000000" Dst="0" />
<file name="itch-io.svg" server="D:/Programs/xampp/htdocs/patchire/" local="132550162860000000" remote="132550162860000000" Dst="0" />
<file name="itunes-note.svg" server="D:/Programs/xampp/htdocs/patchire/" local="132550162860000000" remote="132550162860000000" Dst="0" />
<file name="itunes.svg" server="D:/Programs/xampp/htdocs/patchire/" local="132550162860000000" remote="132550162860000000" Dst="0" />
<file name="java.svg" server="D:/Programs/xampp/htdocs/patchire/" local="132550162860000000" remote="132550162860000000" Dst="0" />
<file name="jedi-order.svg" server="D:/Programs/xampp/htdocs/patchire/" local="132550162860000000" remote="132550162860000000" Dst="0" />
<file name="jenkins.svg" server="D:/Programs/xampp/htdocs/patchire/" local="132550162860000000" remote="132550162860000000" Dst="0" />
<file name="jira.svg" server="D:/Programs/xampp/htdocs/patchire/" local="132550162860000000" remote="132550162860000000" Dst="0" />
<file name="joget.svg" server="D:/Programs/xampp/htdocs/patchire/" local="132550162860000000" remote="132550162860000000" Dst="0" />
<file name="joomla.svg" server="D:/Programs/xampp/htdocs/patchire/" local="132550162860000000" remote="132550162860000000" Dst="0" />
<file name="js-square.svg" server="D:/Programs/xampp/htdocs/patchire/" local="132550162860000000" remote="132550162860000000" Dst="0" />
<file name="js.svg" server="D:/Programs/xampp/htdocs/patchire/" local="132550162860000000" remote="132550162860000000" Dst="0" />
<file name="jsfiddle.svg" server="D:/Programs/xampp/htdocs/patchire/" local="132550162860000000" remote="132550162860000000" Dst="0" />
<file name="kaggle.svg" server="D:/Programs/xampp/htdocs/patchire/" local="132550162860000000" remote="132550162860000000" Dst="0" />
<file name="keybase.svg" server="D:/Programs/xampp/htdocs/patchire/" local="132550162860000000" remote="132550162860000000" Dst="0" />
<file name="keycdn.svg" server="D:/Programs/xampp/htdocs/patchire/" local="132550162860000000" remote="132550162860000000" Dst="0" />
<file name="kickstarter-k.svg" server="D:/Programs/xampp/htdocs/patchire/" local="132550162860000000" remote="132550162860000000" Dst="0" />
<file name="kickstarter.svg" server="D:/Programs/xampp/htdocs/patchire/" local="132550162860000000" remote="132550162860000000" Dst="0" />
<file name="korvue.svg" server="D:/Programs/xampp/htdocs/patchire/" local="132550162860000000" remote="132550162860000000" Dst="0" />
<file name="laravel.svg" server="D:/Programs/xampp/htdocs/patchire/" local="132550162860000000" remote="132550162860000000" Dst="0" />
<file name="lastfm-square.svg" server="D:/Programs/xampp/htdocs/patchire/" local="132550162860000000" remote="132550162860000000" Dst="0" />
<file name="lastfm.svg" server="D:/Programs/xampp/htdocs/patchire/" local="132550162860000000" remote="132550162860000000" Dst="0" />
<file name="leanpub.svg" server="D:/Programs/xampp/htdocs/patchire/" local="132550162860000000" remote="132550162860000000" Dst="0" />
<file name="less.svg" server="D:/Programs/xampp/htdocs/patchire/" local="132550162860000000" remote="132550162860000000" Dst="0" />
<file name="line.svg" server="D:/Programs/xampp/htdocs/patchire/" local="132550162860000000" remote="132550162860000000" Dst="0" />
<file name="linkedin-in.svg" server="D:/Programs/xampp/htdocs/patchire/" local="132550162860000000" remote="132550162860000000" Dst="0" />
<file name="linkedin.svg" server="D:/Programs/xampp/htdocs/patchire/" local="132550162860000000" remote="132550162860000000" Dst="0" />
<file name="linode.svg" server="D:/Programs/xampp/htdocs/patchire/" local="132550162860000000" remote="132550162860000000" Dst="0" />
<file name="linux.svg" server="D:/Programs/xampp/htdocs/patchire/" local="132550162860000000" remote="132550162860000000" Dst="0" />
<file name="lyft.svg" server="D:/Programs/xampp/htdocs/patchire/" local="132550162860000000" remote="132550162860000000" Dst="0" />
<file name="magento.svg" server="D:/Programs/xampp/htdocs/patchire/" local="132550162860000000" remote="132550162860000000" Dst="0" />
<file name="mailchimp.svg" server="D:/Programs/xampp/htdocs/patchire/" local="132550162860000000" remote="132550162860000000" Dst="0" />
<file name="mandalorian.svg" server="D:/Programs/xampp/htdocs/patchire/" local="132550162860000000" remote="132550162860000000" Dst="0" />
<file name="markdown.svg" server="D:/Programs/xampp/htdocs/patchire/" local="132550162860000000" remote="132550162860000000" Dst="0" />
<file name="mastodon.svg" server="D:/Programs/xampp/htdocs/patchire/" local="132550162860000000" remote="132550162860000000" Dst="0" />
<file name="maxcdn.svg" server="D:/Programs/xampp/htdocs/patchire/" local="132550162860000000" remote="132550162860000000" Dst="0" />
<file name="mdb.svg" server="D:/Programs/xampp/htdocs/patchire/" local="132550162860000000" remote="132550162860000000" Dst="0" />
<file name="medapps.svg" server="D:/Programs/xampp/htdocs/patchire/" local="132550162860000000" remote="132550162860000000" Dst="0" />
<file name="medium-m.svg" server="D:/Programs/xampp/htdocs/patchire/" local="132550162860000000" remote="132550162860000000" Dst="0" />
<file name="medium.svg" server="D:/Programs/xampp/htdocs/patchire/" local="132550162860000000" remote="132550162860000000" Dst="0" />
<file name="medrt.svg" server="D:/Programs/xampp/htdocs/patchire/" local="132550162860000000" remote="132550162860000000" Dst="0" />
<file name="meetup.svg" server="D:/Programs/xampp/htdocs/patchire/" local="132550162860000000" remote="132550162860000000" Dst="0" />
<file name="megaport.svg" server="D:/Programs/xampp/htdocs/patchire/" local="132550162860000000" remote="132550162860000000" Dst="0" />
<file name="mendeley.svg" server="D:/Programs/xampp/htdocs/patchire/" local="132550162860000000" remote="132550162860000000" Dst="0" />
<file name="microblog.svg" server="D:/Programs/xampp/htdocs/patchire/" local="132550162860000000" remote="132550162860000000" Dst="0" />
<file name="microsoft.svg" server="D:/Programs/xampp/htdocs/patchire/" local="132550162860000000" remote="132550162860000000" Dst="0" />
<file name="mix.svg" server="D:/Programs/xampp/htdocs/patchire/" local="132550162860000000" remote="132550162860000000" Dst="0" />
<file name="mixcloud.svg" server="D:/Programs/xampp/htdocs/patchire/" local="132550162860000000" remote="132550162860000000" Dst="0" />
<file name="mixer.svg" server="D:/Programs/xampp/htdocs/patchire/" local="132550162860000000" remote="132550162860000000" Dst="0" />
<file name="mizuni.svg" server="D:/Programs/xampp/htdocs/patchire/" local="132550162860000000" remote="132550162860000000" Dst="0" />
<file name="modx.svg" server="D:/Programs/xampp/htdocs/patchire/" local="132550162860000000" remote="132550162860000000" Dst="0" />
<file name="monero.svg" server="D:/Programs/xampp/htdocs/patchire/" local="132550162860000000" remote="132550162860000000" Dst="0" />
<file name="napster.svg" server="D:/Programs/xampp/htdocs/patchire/" local="132550162860000000" remote="132550162860000000" Dst="0" />
<file name="neos.svg" server="D:/Programs/xampp/htdocs/patchire/" local="132550162860000000" remote="132550162860000000" Dst="0" />
<file name="nimblr.svg" server="D:/Programs/xampp/htdocs/patchire/" local="132550162860000000" remote="132550162860000000" Dst="0" />
<file name="node-js.svg" server="D:/Programs/xampp/htdocs/patchire/" local="132550162860000000" remote="132550162860000000" Dst="0" />
<file name="node.svg" server="D:/Programs/xampp/htdocs/patchire/" local="132550162860000000" remote="132550162860000000" Dst="0" />
<file name="npm.svg" server="D:/Programs/xampp/htdocs/patchire/" local="132550162860000000" remote="132550162860000000" Dst="0" />
<file name="ns8.svg" server="D:/Programs/xampp/htdocs/patchire/" local="132550162860000000" remote="132550162860000000" Dst="0" />
<file name="nutritionix.svg" server="D:/Programs/xampp/htdocs/patchire/" local="132550162860000000" remote="132550162860000000" Dst="0" />
<file name="octopus-deploy.svg" server="D:/Programs/xampp/htdocs/patchire/" local="132550162860000000" remote="132550162860000000" Dst="0" />
<file name="odnoklassniki-square.svg" server="D:/Programs/xampp/htdocs/patchire/" local="132550162860000000" remote="132550162860000000" Dst="0" />
<file name="odnoklassniki.svg" server="D:/Programs/xampp/htdocs/patchire/" local="132550162860000000" remote="132550162860000000" Dst="0" />
<file name="old-republic.svg" server="D:/Programs/xampp/htdocs/patchire/" local="132550162860000000" remote="132550162860000000" Dst="0" />
<file name="opencart.svg" server="D:/Programs/xampp/htdocs/patchire/" local="132550162860000000" remote="132550162860000000" Dst="0" />
<file name="openid.svg" server="D:/Programs/xampp/htdocs/patchire/" local="132550162860000000" remote="132550162860000000" Dst="0" />
<file name="opera.svg" server="D:/Programs/xampp/htdocs/patchire/" local="132550162860000000" remote="132550162860000000" Dst="0" />
<file name="optin-monster.svg" server="D:/Programs/xampp/htdocs/patchire/" local="132550162860000000" remote="132550162860000000" Dst="0" />
<file name="orcid.svg" server="D:/Programs/xampp/htdocs/patchire/" local="132550162860000000" remote="132550162860000000" Dst="0" />
<file name="osi.svg" server="D:/Programs/xampp/htdocs/patchire/" local="132550162860000000" remote="132550162860000000" Dst="0" />
<file name="page4.svg" server="D:/Programs/xampp/htdocs/patchire/" local="132550162860000000" remote="132550162860000000" Dst="0" />
<file name="pagelines.svg" server="D:/Programs/xampp/htdocs/patchire/" local="132550162860000000" remote="132550162860000000" Dst="0" />
<file name="palfed.svg" server="D:/Programs/xampp/htdocs/patchire/" local="132550162860000000" remote="132550162860000000" Dst="0" />
<file name="patreon.svg" server="D:/Programs/xampp/htdocs/patchire/" local="132550162860000000" remote="132550162860000000" Dst="0" />
<file name="paypal.svg" server="D:/Programs/xampp/htdocs/patchire/" local="132550162860000000" remote="132550162860000000" Dst="0" />
<file name="penny-arcade.svg" server="D:/Programs/xampp/htdocs/patchire/" local="132550162860000000" remote="132550162860000000" Dst="0" />
<file name="perbyte.svg" server="D:/Programs/xampp/htdocs/patchire/" local="132550162860000000" remote="132550162860000000" Dst="0" />
<file name="periscope.svg" server="D:/Programs/xampp/htdocs/patchire/" local="132550162860000000" remote="132550162860000000" Dst="0" />
<file name="phabricator.svg" server="D:/Programs/xampp/htdocs/patchire/" local="132550162860000000" remote="132550162860000000" Dst="0" />
<file name="phoenix-framework.svg" server="D:/Programs/xampp/htdocs/patchire/" local="132550162860000000" remote="132550162860000000" Dst="0" />
<file name="phoenix-squadron.svg" server="D:/Programs/xampp/htdocs/patchire/" local="132550162860000000" remote="132550162860000000" Dst="0" />
<file name="php.svg" server="D:/Programs/xampp/htdocs/patchire/" local="132550162860000000" remote="132550162860000000" Dst="0" />
<file name="pied-piper-alt.svg" server="D:/Programs/xampp/htdocs/patchire/" local="132550162860000000" remote="132550162860000000" Dst="0" />
<file name="pied-piper-hat.svg" server="D:/Programs/xampp/htdocs/patchire/" local="132550162860000000" remote="132550162860000000" Dst="0" />
<file name="pied-piper-pp.svg" server="D:/Programs/xampp/htdocs/patchire/" local="132550162860000000" remote="132550162860000000" Dst="0" />
<file name="pied-piper-square.svg" server="D:/Programs/xampp/htdocs/patchire/" local="132550162860000000" remote="132550162860000000" Dst="0" />
<file name="pied-piper.svg" server="D:/Programs/xampp/htdocs/patchire/" local="132550162860000000" remote="132550162860000000" Dst="0" />
<file name="pinterest-p.svg" server="D:/Programs/xampp/htdocs/patchire/" local="132550162860000000" remote="132550162860000000" Dst="0" />
<file name="pinterest-square.svg" server="D:/Programs/xampp/htdocs/patchire/" local="132550162860000000" remote="132550162860000000" Dst="0" />
<file name="pinterest.svg" server="D:/Programs/xampp/htdocs/patchire/" local="132550162860000000" remote="132550162860000000" Dst="0" />
<file name="playstation.svg" server="D:/Programs/xampp/htdocs/patchire/" local="132550162860000000" remote="132550162860000000" Dst="0" />
<file name="product-hunt.svg" server="D:/Programs/xampp/htdocs/patchire/" local="132550162860000000" remote="132550162860000000" Dst="0" />
<file name="pushed.svg" server="D:/Programs/xampp/htdocs/patchire/" local="132550162860000000" remote="132550162860000000" Dst="0" />
<file name="python.svg" server="D:/Programs/xampp/htdocs/patchire/" local="132550162860000000" remote="132550162860000000" Dst="0" />
<file name="qq.svg" server="D:/Programs/xampp/htdocs/patchire/" local="132550162860000000" remote="132550162860000000" Dst="0" />
<file name="quinscape.svg" server="D:/Programs/xampp/htdocs/patchire/" local="132550162860000000" remote="132550162860000000" Dst="0" />
<file name="quora.svg" server="D:/Programs/xampp/htdocs/patchire/" local="132550162860000000" remote="132550162860000000" Dst="0" />
<file name="r-project.svg" server="D:/Programs/xampp/htdocs/patchire/" local="132550162860000000" remote="132550162860000000" Dst="0" />
<file name="raspberry-pi.svg" server="D:/Programs/xampp/htdocs/patchire/" local="132550162860000000" remote="132550162860000000" Dst="0" />
<file name="ravelry.svg" server="D:/Programs/xampp/htdocs/patchire/" local="132550162860000000" remote="132550162860000000" Dst="0" />
<file name="react.svg" server="D:/Programs/xampp/htdocs/patchire/" local="132550162860000000" remote="132550162860000000" Dst="0" />
<file name="reacteurope.svg" server="D:/Programs/xampp/htdocs/patchire/" local="132550162860000000" remote="132550162860000000" Dst="0" />
<file name="readme.svg" server="D:/Programs/xampp/htdocs/patchire/" local="132550162860000000" remote="132550162860000000" Dst="0" />
<file name="rebel.svg" server="D:/Programs/xampp/htdocs/patchire/" local="132550162860000000" remote="132550162860000000" Dst="0" />
<file name="red-river.svg" server="D:/Programs/xampp/htdocs/patchire/" local="132550162860000000" remote="132550162860000000" Dst="0" />
<file name="reddit-alien.svg" server="D:/Programs/xampp/htdocs/patchire/" local="132550162860000000" remote="132550162860000000" Dst="0" />
<file name="reddit-square.svg" server="D:/Programs/xampp/htdocs/patchire/" local="132550162860000000" remote="132550162860000000" Dst="0" />
<file name="reddit.svg" server="D:/Programs/xampp/htdocs/patchire/" local="132550162860000000" remote="132550162860000000" Dst="0" />
<file name="redhat.svg" server="D:/Programs/xampp/htdocs/patchire/" local="132550162860000000" remote="132550162860000000" Dst="0" />
<file name="renren.svg" server="D:/Programs/xampp/htdocs/patchire/" local="132550162860000000" remote="132550162860000000" Dst="0" />
<file name="replyd.svg" server="D:/Programs/xampp/htdocs/patchire/" local="132550162860000000" remote="132550162860000000" Dst="0" />
<file name="researchgate.svg" server="D:/Programs/xampp/htdocs/patchire/" local="132550162860000000" remote="132550162860000000" Dst="0" />
<file name="resolving.svg" server="D:/Programs/xampp/htdocs/patchire/" local="132550162860000000" remote="132550162860000000" Dst="0" />
<file name="rev.svg" server="D:/Programs/xampp/htdocs/patchire/" local="132550162860000000" remote="132550162860000000" Dst="0" />
<file name="rocketchat.svg" server="D:/Programs/xampp/htdocs/patchire/" local="132550162860000000" remote="132550162860000000" Dst="0" />
<file name="rockrms.svg" server="D:/Programs/xampp/htdocs/patchire/" local="132550162860000000" remote="132550162860000000" Dst="0" />
<file name="rust.svg" server="D:/Programs/xampp/htdocs/patchire/" local="132550162860000000" remote="132550162860000000" Dst="0" />
<file name="safari.svg" server="D:/Programs/xampp/htdocs/patchire/" local="132550162860000000" remote="132550162860000000" Dst="0" />
<file name="salesforce.svg" server="D:/Programs/xampp/htdocs/patchire/" local="132550162860000000" remote="132550162860000000" Dst="0" />
<file name="sass.svg" server="D:/Programs/xampp/htdocs/patchire/" local="132550162860000000" remote="132550162860000000" Dst="0" />
<file name="schlix.svg" server="D:/Programs/xampp/htdocs/patchire/" local="132550162860000000" remote="132550162860000000" Dst="0" />
<file name="scribd.svg" server="D:/Programs/xampp/htdocs/patchire/" local="132550162860000000" remote="132550162860000000" Dst="0" />
<file name="searchengin.svg" server="D:/Programs/xampp/htdocs/patchire/" local="132550162860000000" remote="132550162860000000" Dst="0" />
<file name="sellcast.svg" server="D:/Programs/xampp/htdocs/patchire/" local="132550162860000000" remote="132550162860000000" Dst="0" />
<file name="sellsy.svg" server="D:/Programs/xampp/htdocs/patchire/" local="132550162860000000" remote="132550162860000000" Dst="0" />
<file name="servicestack.svg" server="D:/Programs/xampp/htdocs/patchire/" local="132550162860000000" remote="132550162860000000" Dst="0" />
<file name="shirtsinbulk.svg" server="D:/Programs/xampp/htdocs/patchire/" local="132550162860000000" remote="132550162860000000" Dst="0" />
<file name="shopify.svg" server="D:/Programs/xampp/htdocs/patchire/" local="132550162860000000" remote="132550162860000000" Dst="0" />
<file name="shopware.svg" server="D:/Programs/xampp/htdocs/patchire/" local="132550162860000000" remote="132550162860000000" Dst="0" />
<file name="simplybuilt.svg" server="D:/Programs/xampp/htdocs/patchire/" local="132550162860000000" remote="132550162860000000" Dst="0" />
<file name="sistrix.svg" server="D:/Programs/xampp/htdocs/patchire/" local="132550162860000000" remote="132550162860000000" Dst="0" />
<file name="sith.svg" server="D:/Programs/xampp/htdocs/patchire/" local="132550162860000000" remote="132550162860000000" Dst="0" />
<file name="sketch.svg" server="D:/Programs/xampp/htdocs/patchire/" local="132550162860000000" remote="132550162860000000" Dst="0" />
<file name="skyatlas.svg" server="D:/Programs/xampp/htdocs/patchire/" local="132550162860000000" remote="132550162860000000" Dst="0" />
<file name="skype.svg" server="D:/Programs/xampp/htdocs/patchire/" local="132550162860000000" remote="132550162860000000" Dst="0" />
<file name="slack-hash.svg" server="D:/Programs/xampp/htdocs/patchire/" local="132550162860000000" remote="132550162860000000" Dst="0" />
<file name="slack.svg" server="D:/Programs/xampp/htdocs/patchire/" local="132550162860000000" remote="132550162860000000" Dst="0" />
<file name="slideshare.svg" server="D:/Programs/xampp/htdocs/patchire/" local="132550162860000000" remote="132550162860000000" Dst="0" />
<file name="snapchat-ghost.svg" server="D:/Programs/xampp/htdocs/patchire/" local="132550162860000000" remote="132550162860000000" Dst="0" />
<file name="snapchat-square.svg" server="D:/Programs/xampp/htdocs/patchire/" local="132550162860000000" remote="132550162860000000" Dst="0" />
<file name="snapchat.svg" server="D:/Programs/xampp/htdocs/patchire/" local="132550162860000000" remote="132550162860000000" Dst="0" />
<file name="soundcloud.svg" server="D:/Programs/xampp/htdocs/patchire/" local="132550162860000000" remote="132550162860000000" Dst="0" />
<file name="sourcetree.svg" server="D:/Programs/xampp/htdocs/patchire/" local="132550162860000000" remote="132550162860000000" Dst="0" />
<file name="speakap.svg" server="D:/Programs/xampp/htdocs/patchire/" local="132550162860000000" remote="132550162860000000" Dst="0" />
<file name="speaker-deck.svg" server="D:/Programs/xampp/htdocs/patchire/" local="132550162860000000" remote="132550162860000000" Dst="0" />
<file name="spotify.svg" server="D:/Programs/xampp/htdocs/patchire/" local="132550162860000000" remote="132550162860000000" Dst="0" />
<file name="squarespace.svg" server="D:/Programs/xampp/htdocs/patchire/" local="132550162860000000" remote="132550162860000000" Dst="0" />
<file name="stack-exchange.svg" server="D:/Programs/xampp/htdocs/patchire/" local="132550162860000000" remote="132550162860000000" Dst="0" />
<file name="stack-overflow.svg" server="D:/Programs/xampp/htdocs/patchire/" local="132550162860000000" remote="132550162860000000" Dst="0" />
<file name="stackpath.svg" server="D:/Programs/xampp/htdocs/patchire/" local="132550162860000000" remote="132550162860000000" Dst="0" />
<file name="staylinked.svg" server="D:/Programs/xampp/htdocs/patchire/" local="132550162860000000" remote="132550162860000000" Dst="0" />
<file name="steam-square.svg" server="D:/Programs/xampp/htdocs/patchire/" local="132550162860000000" remote="132550162860000000" Dst="0" />
<file name="steam-symbol.svg" server="D:/Programs/xampp/htdocs/patchire/" local="132550162860000000" remote="132550162860000000" Dst="0" />
<file name="steam.svg" server="D:/Programs/xampp/htdocs/patchire/" local="132550162860000000" remote="132550162860000000" Dst="0" />
<file name="sticker-mule.svg" server="D:/Programs/xampp/htdocs/patchire/" local="132550162860000000" remote="132550162860000000" Dst="0" />
<file name="strava.svg" server="D:/Programs/xampp/htdocs/patchire/" local="132550162860000000" remote="132550162860000000" Dst="0" />
<file name="stripe-s.svg" server="D:/Programs/xampp/htdocs/patchire/" local="132550162860000000" remote="132550162860000000" Dst="0" />
<file name="stripe.svg" server="D:/Programs/xampp/htdocs/patchire/" local="132550162860000000" remote="132550162860000000" Dst="0" />
<file name="studiovinari.svg" server="D:/Programs/xampp/htdocs/patchire/" local="132550162860000000" remote="132550162860000000" Dst="0" />
<file name="stumbleupon-circle.svg" server="D:/Programs/xampp/htdocs/patchire/" local="132550162860000000" remote="132550162860000000" Dst="0" />
<file name="stumbleupon.svg" server="D:/Programs/xampp/htdocs/patchire/" local="132550162860000000" remote="132550162860000000" Dst="0" />
<file name="superpowers.svg" server="D:/Programs/xampp/htdocs/patchire/" local="132550162860000000" remote="132550162860000000" Dst="0" />
<file name="supple.svg" server="D:/Programs/xampp/htdocs/patchire/" local="132550162860000000" remote="132550162860000000" Dst="0" />
<file name="suse.svg" server="D:/Programs/xampp/htdocs/patchire/" local="132550162860000000" remote="132550162860000000" Dst="0" />
<file name="swift.svg" server="D:/Programs/xampp/htdocs/patchire/" local="132550162860000000" remote="132550162860000000" Dst="0" />
<file name="symfony.svg" server="D:/Programs/xampp/htdocs/patchire/" local="132550162860000000" remote="132550162860000000" Dst="0" />
<file name="teamspeak.svg" server="D:/Programs/xampp/htdocs/patchire/" local="132550162860000000" remote="132550162860000000" Dst="0" />
<file name="telegram-plane.svg" server="D:/Programs/xampp/htdocs/patchire/" local="132550162860000000" remote="132550162860000000" Dst="0" />
<file name="telegram.svg" server="D:/Programs/xampp/htdocs/patchire/" local="132550162860000000" remote="132550162860000000" Dst="0" />
<file name="tencent-weibo.svg" server="D:/Programs/xampp/htdocs/patchire/" local="132550162860000000" remote="132550162860000000" Dst="0" />
<file name="the-red-yeti.svg" server="D:/Programs/xampp/htdocs/patchire/" local="132550162860000000" remote="132550162860000000" Dst="0" />
<file name="themeco.svg" server="D:/Programs/xampp/htdocs/patchire/" local="132550162860000000" remote="132550162860000000" Dst="0" />
<file name="themeisle.svg" server="D:/Programs/xampp/htdocs/patchire/" local="132550162860000000" remote="132550162860000000" Dst="0" />
<file name="think-peaks.svg" server="D:/Programs/xampp/htdocs/patchire/" local="132550162860000000" remote="132550162860000000" Dst="0" />
<file name="tiktok.svg" server="D:/Programs/xampp/htdocs/patchire/" local="132550162860000000" remote="132550162860000000" Dst="0" />
<file name="trade-federation.svg" server="D:/Programs/xampp/htdocs/patchire/" local="132550162860000000" remote="132550162860000000" Dst="0" />
<file name="trello.svg" server="D:/Programs/xampp/htdocs/patchire/" local="132550162860000000" remote="132550162860000000" Dst="0" />
<file name="tripadvisor.svg" server="D:/Programs/xampp/htdocs/patchire/" local="132550162860000000" remote="132550162860000000" Dst="0" />
<file name="tumblr-square.svg" server="D:/Programs/xampp/htdocs/patchire/" local="132550162860000000" remote="132550162860000000" Dst="0" />
<file name="tumblr.svg" server="D:/Programs/xampp/htdocs/patchire/" local="132550162860000000" remote="132550162860000000" Dst="0" />
<file name="twitch.svg" server="D:/Programs/xampp/htdocs/patchire/" local="132550162860000000" remote="132550162860000000" Dst="0" />
<file name="twitter-square.svg" server="D:/Programs/xampp/htdocs/patchire/" local="132550162860000000" remote="132550162860000000" Dst="0" />
<file name="twitter.svg" server="D:/Programs/xampp/htdocs/patchire/" local="132550162860000000" remote="132550162860000000" Dst="0" />
<file name="typo3.svg" server="D:/Programs/xampp/htdocs/patchire/" local="132550162860000000" remote="132550162860000000" Dst="0" />
<file name="uber.svg" server="D:/Programs/xampp/htdocs/patchire/" local="132550162860000000" remote="132550162860000000" Dst="0" />
<file name="ubuntu.svg" server="D:/Programs/xampp/htdocs/patchire/" local="132550162860000000" remote="132550162860000000" Dst="0" />
<file name="uikit.svg" server="D:/Programs/xampp/htdocs/patchire/" local="132550162860000000" remote="132550162860000000" Dst="0" />
<file name="umbraco.svg" server="D:/Programs/xampp/htdocs/patchire/" local="132550162860000000" remote="132550162860000000" Dst="0" />
<file name="uncharted.svg" server="D:/Programs/xampp/htdocs/patchire/" local="132550162860000000" remote="132550162860000000" Dst="0" />
<file name="uniregistry.svg" server="D:/Programs/xampp/htdocs/patchire/" local="132550162860000000" remote="132550162860000000" Dst="0" />
<file name="unity.svg" server="D:/Programs/xampp/htdocs/patchire/" local="132550162860000000" remote="132550162860000000" Dst="0" />
<file name="unsplash.svg" server="D:/Programs/xampp/htdocs/patchire/" local="132550162860000000" remote="132550162860000000" Dst="0" />
<file name="untappd.svg" server="D:/Programs/xampp/htdocs/patchire/" local="132550162860000000" remote="132550162860000000" Dst="0" />
<file name="ups.svg" server="D:/Programs/xampp/htdocs/patchire/" local="132550162860000000" remote="132550162860000000" Dst="0" />
<file name="usb.svg" server="D:/Programs/xampp/htdocs/patchire/" local="132550162860000000" remote="132550162860000000" Dst="0" />
<file name="usps.svg" server="D:/Programs/xampp/htdocs/patchire/" local="132550162860000000" remote="132550162860000000" Dst="0" />
<file name="ussunnah.svg" server="D:/Programs/xampp/htdocs/patchire/" local="132550162860000000" remote="132550162860000000" Dst="0" />
<file name="vaadin.svg" server="D:/Programs/xampp/htdocs/patchire/" local="132550162860000000" remote="132550162860000000" Dst="0" />
<file name="viacoin.svg" server="D:/Programs/xampp/htdocs/patchire/" local="132550162860000000" remote="132550162860000000" Dst="0" />
<file name="viadeo-square.svg" server="D:/Programs/xampp/htdocs/patchire/" local="132550162860000000" remote="132550162860000000" Dst="0" />
<file name="viadeo.svg" server="D:/Programs/xampp/htdocs/patchire/" local="132550162860000000" remote="132550162860000000" Dst="0" />
<file name="viber.svg" server="D:/Programs/xampp/htdocs/patchire/" local="132550162860000000" remote="132550162860000000" Dst="0" />
<file name="vimeo-square.svg" server="D:/Programs/xampp/htdocs/patchire/" local="132550162860000000" remote="132550162860000000" Dst="0" />
<file name="vimeo-v.svg" server="D:/Programs/xampp/htdocs/patchire/" local="132550162860000000" remote="132550162860000000" Dst="0" />
<file name="vimeo.svg" server="D:/Programs/xampp/htdocs/patchire/" local="132550162860000000" remote="132550162860000000" Dst="0" />
<file name="vine.svg" server="D:/Programs/xampp/htdocs/patchire/" local="132550162860000000" remote="132550162860000000" Dst="0" />
<file name="vk.svg" server="D:/Programs/xampp/htdocs/patchire/" local="132550162860000000" remote="132550162860000000" Dst="0" />
<file name="vnv.svg" server="D:/Programs/xampp/htdocs/patchire/" local="132550162860000000" remote="132550162860000000" Dst="0" />
<file name="vuejs.svg" server="D:/Programs/xampp/htdocs/patchire/" local="132550162860000000" remote="132550162860000000" Dst="0" />
<file name="watchman-monitoring.svg" server="D:/Programs/xampp/htdocs/patchire/" local="132550162860000000" remote="132550162860000000" Dst="0" />
<file name="waze.svg" server="D:/Programs/xampp/htdocs/patchire/" local="132550162860000000" remote="132550162860000000" Dst="0" />
<file name="weebly.svg" server="D:/Programs/xampp/htdocs/patchire/" local="132550162860000000" remote="132550162860000000" Dst="0" />
<file name="weibo.svg" server="D:/Programs/xampp/htdocs/patchire/" local="132550162860000000" remote="132550162860000000" Dst="0" />
<file name="weixin.svg" server="D:/Programs/xampp/htdocs/patchire/" local="132550162860000000" remote="132550162860000000" Dst="0" />
<file name="whatsapp-square.svg" server="D:/Programs/xampp/htdocs/patchire/" local="132550162860000000" remote="132550162860000000" Dst="0" />
<file name="whatsapp.svg" server="D:/Programs/xampp/htdocs/patchire/" local="132550162860000000" remote="132550162860000000" Dst="0" />
<file name="whmcs.svg" server="D:/Programs/xampp/htdocs/patchire/" local="132550162860000000" remote="132550162860000000" Dst="0" />
<file name="wikipedia-w.svg" server="D:/Programs/xampp/htdocs/patchire/" local="132550162860000000" remote="132550162860000000" Dst="0" />
<file name="windows.svg" server="D:/Programs/xampp/htdocs/patchire/" local="132550162860000000" remote="132550162860000000" Dst="0" />
<file name="wix.svg" server="D:/Programs/xampp/htdocs/patchire/" local="132550162860000000" remote="132550162860000000" Dst="0" />
<file name="wizards-of-the-coast.svg" server="D:/Programs/xampp/htdocs/patchire/" local="132550162860000000" remote="132550162860000000" Dst="0" />
<file name="wodu.svg" server="D:/Programs/xampp/htdocs/patchire/" local="132550162860000000" remote="132550162860000000" Dst="0" />
<file name="wolf-pack-battalion.svg" server="D:/Programs/xampp/htdocs/patchire/" local="132550162860000000" remote="132550162860000000" Dst="0" />
<file name="wordpress-simple.svg" server="D:/Programs/xampp/htdocs/patchire/" local="132550162860000000" remote="132550162860000000" Dst="0" />
<file name="wordpress.svg" server="D:/Programs/xampp/htdocs/patchire/" local="132550162860000000" remote="132550162860000000" Dst="0" />
<file name="wpbeginner.svg" server="D:/Programs/xampp/htdocs/patchire/" local="132550162860000000" remote="132550162860000000" Dst="0" />
<file name="wpexplorer.svg" server="D:/Programs/xampp/htdocs/patchire/" local="132550162860000000" remote="132550162860000000" Dst="0" />
<file name="wpforms.svg" server="D:/Programs/xampp/htdocs/patchire/" local="132550162860000000" remote="132550162860000000" Dst="0" />
<file name="wpressr.svg" server="D:/Programs/xampp/htdocs/patchire/" local="132550162860000000" remote="132550162860000000" Dst="0" />
<file name="xbox.svg" server="D:/Programs/xampp/htdocs/patchire/" local="132550162860000000" remote="132550162860000000" Dst="0" />
<file name="xing-square.svg" server="D:/Programs/xampp/htdocs/patchire/" local="132550162860000000" remote="132550162860000000" Dst="0" />
<file name="xing.svg" server="D:/Programs/xampp/htdocs/patchire/" local="132550162860000000" remote="132550162860000000" Dst="0" />
<file name="y-combinator.svg" server="D:/Programs/xampp/htdocs/patchire/" local="132550162860000000" remote="132550162860000000" Dst="0" />
<file name="yahoo.svg" server="D:/Programs/xampp/htdocs/patchire/" local="132550162860000000" remote="132550162860000000" Dst="0" />
<file name="yammer.svg" server="D:/Programs/xampp/htdocs/patchire/" local="132550162860000000" remote="132550162860000000" Dst="0" />
<file name="yandex-international.svg" server="D:/Programs/xampp/htdocs/patchire/" local="132550162860000000" remote="132550162860000000" Dst="0" />
<file name="yandex.svg" server="D:/Programs/xampp/htdocs/patchire/" local="132550162860000000" remote="132550162860000000" Dst="0" />
<file name="yarn.svg" server="D:/Programs/xampp/htdocs/patchire/" local="132550162860000000" remote="132550162860000000" Dst="0" />
<file name="yelp.svg" server="D:/Programs/xampp/htdocs/patchire/" local="132550162860000000" remote="132550162860000000" Dst="0" />
<file name="yoast.svg" server="D:/Programs/xampp/htdocs/patchire/" local="132550162860000000" remote="132550162860000000" Dst="0" />
<file name="youtube-square.svg" server="D:/Programs/xampp/htdocs/patchire/" local="132550162860000000" remote="132550162860000000" Dst="0" />
<file name="youtube.svg" server="D:/Programs/xampp/htdocs/patchire/" local="132550162860000000" remote="132550162860000000" Dst="0" />
<file name="zhihu.svg" server="D:/Programs/xampp/htdocs/patchire/" local="132550162860000000" remote="132550162860000000" Dst="0" />
</dwsync>