<?xml version="1.0" encoding="utf-8" ?>
<dwsync>
<file name="fa-brands-400.eot" server="D:/Programs/xampp/htdocs/patchire/" local="132550162860000000" remote="132550162860000000" Dst="0" />
<file name="fa-brands-400.svg" server="D:/Programs/xampp/htdocs/patchire/" local="132550162860000000" remote="132550162860000000" Dst="0" />
<file name="fa-brands-400.ttf" server="D:/Programs/xampp/htdocs/patchire/" local="132550162860000000" remote="132550162860000000" Dst="0" />
<file name="fa-brands-400.woff" server="D:/Programs/xampp/htdocs/patchire/" local="132550162860000000" remote="132550162860000000" Dst="0" />
<file name="fa-brands-400.woff2" server="D:/Programs/xampp/htdocs/patchire/" local="132550162860000000" remote="132550162860000000" Dst="0" />
<file name="fa-regular-400.eot" server="D:/Programs/xampp/htdocs/patchire/" local="132550162860000000" remote="132550162860000000" Dst="0" />
<file name="fa-regular-400.svg" server="D:/Programs/xampp/htdocs/patchire/" local="132550162860000000" remote="132550162860000000" Dst="0" />
<file name="fa-regular-400.ttf" server="D:/Programs/xampp/htdocs/patchire/" local="132550162860000000" remote="132550162860000000" Dst="0" />
<file name="fa-regular-400.woff" server="D:/Programs/xampp/htdocs/patchire/" local="132550162860000000" remote="132550162860000000" Dst="0" />
<file name="fa-regular-400.woff2" server="D:/Programs/xampp/htdocs/patchire/" local="132550162860000000" remote="132550162860000000" Dst="0" />
<file name="fa-solid-900.eot" server="D:/Programs/xampp/htdocs/patchire/" local="132550162860000000" remote="132550162860000000" Dst="0" />
<file name="fa-solid-900.svg" server="D:/Programs/xampp/htdocs/patchire/" local="132550162860000000" remote="132550162860000000" Dst="0" />
<file name="fa-solid-900.ttf" server="D:/Programs/xampp/htdocs/patchire/" local="132550162860000000" remote="132550162860000000" Dst="0" />
<file name="fa-solid-900.woff" server="D:/Programs/xampp/htdocs/patchire/" local="132550162860000000" remote="132550162860000000" Dst="0" />
<file name="fa-solid-900.woff2" server="D:/Programs/xampp/htdocs/patchire/" local="132550162860000000" remote="132550162860000000" Dst="0" />
</dwsync>