<?xml version="1.0" encoding="utf-8" ?>
<dwsync>
<file name="bootstrap-grid.css" server="D:/Programs/xampp/htdocs/patchire/" local="132470660080000000" remote="132470660080000000" Dst="0" />
<file name="bootstrap-grid.css.map" server="D:/Programs/xampp/htdocs/patchire/" local="132470660080000000" remote="132470660080000000" Dst="0" />
<file name="bootstrap-grid.min.css" server="D:/Programs/xampp/htdocs/patchire/" local="132470660080000000" remote="132470660080000000" Dst="0" />
<file name="bootstrap-grid.min.css.map" server="D:/Programs/xampp/htdocs/patchire/" local="132470660080000000" remote="132470660080000000" Dst="0" />
<file name="bootstrap-reboot.css" server="D:/Programs/xampp/htdocs/patchire/" local="132470660080000000" remote="132470660080000000" Dst="0" />
<file name="bootstrap-reboot.css.map" server="D:/Programs/xampp/htdocs/patchire/" local="132470660080000000" remote="132470660080000000" Dst="0" />
<file name="bootstrap-reboot.min.css" server="D:/Programs/xampp/htdocs/patchire/" local="132470660080000000" remote="132470660080000000" Dst="0" />
<file name="bootstrap-reboot.min.css.map" server="D:/Programs/xampp/htdocs/patchire/" local="132470660080000000" remote="132470660080000000" Dst="0" />
<file name="bootstrap.css" server="D:/Programs/xampp/htdocs/patchire/" local="132470660080000000" remote="132470660080000000" Dst="0" />
<file name="bootstrap.css.map" server="D:/Programs/xampp/htdocs/patchire/" local="132470660080000000" remote="132470660080000000" Dst="0" />
<file name="bootstrap.min.css" server="D:/Programs/xampp/htdocs/patchire/" local="132470660080000000" remote="132470660080000000" Dst="0" />
<file name="bootstrap.min.css.map" server="D:/Programs/xampp/htdocs/patchire/" local="132470660080000000" remote="132470660080000000" Dst="0" />
</dwsync>