<?xml version="1.0" encoding="utf-8" ?>
<dwsync>
<file name="all.js" server="D:/Programs/xampp/htdocs/patchire/" local="132550162860000000" remote="132550162860000000" Dst="0" />
<file name="all.min.js" server="D:/Programs/xampp/htdocs/patchire/" local="132550162860000000" remote="132550162860000000" Dst="0" />
<file name="brands.js" server="D:/Programs/xampp/htdocs/patchire/" local="132550162860000000" remote="132550162860000000" Dst="0" />
<file name="brands.min.js" server="D:/Programs/xampp/htdocs/patchire/" local="132550162860000000" remote="132550162860000000" Dst="0" />
<file name="conflict-detection.js" server="D:/Programs/xampp/htdocs/patchire/" local="132550162860000000" remote="132550162860000000" Dst="0" />
<file name="conflict-detection.min.js" server="D:/Programs/xampp/htdocs/patchire/" local="132550162860000000" remote="132550162860000000" Dst="0" />
<file name="fontawesome.js" server="D:/Programs/xampp/htdocs/patchire/" local="132550162860000000" remote="132550162860000000" Dst="0" />
<file name="fontawesome.min.js" server="D:/Programs/xampp/htdocs/patchire/" local="132550162860000000" remote="132550162860000000" Dst="0" />
<file name="regular.js" server="D:/Programs/xampp/htdocs/patchire/" local="132550162860000000" remote="132550162860000000" Dst="0" />
<file name="regular.min.js" server="D:/Programs/xampp/htdocs/patchire/" local="132550162860000000" remote="132550162860000000" Dst="0" />
<file name="solid.js" server="D:/Programs/xampp/htdocs/patchire/" local="132550162860000000" remote="132550162860000000" Dst="0" />
<file name="solid.min.js" server="D:/Programs/xampp/htdocs/patchire/" local="132550162860000000" remote="132550162860000000" Dst="0" />
<file name="v4-shims.js" server="D:/Programs/xampp/htdocs/patchire/" local="132550162860000000" remote="132550162860000000" Dst="0" />
<file name="v4-shims.min.js" server="D:/Programs/xampp/htdocs/patchire/" local="132550162860000000" remote="132550162860000000" Dst="0" />
</dwsync>